page,title,description,h1,h2s,metaTitleLength,metaDescriptionLength,h1Length,h2sLengths,metaDescriptionCount,h1Count,h2Count,hasInvalidHeadingOrder
"/","Pilot Instructional Center | Flight Training near Kansas City","Train with senior instructors at Pilot Instructional Center near Kansas City. We offer safety-first flight training from your first flight to professional.","Launch Your Aviation Career with PIC near Kansas City","undefined","undefined","155","53","undefined","1","1","12","false"
"/500.html","500 page | Something went wrong on our end. Please refresh the page or contact PIC for assistance.","Something went wrong on our end. Please refresh the page or contact Pilot Instructional Center for assistance.","500 - We're Having Trouble Loading This Page - Please Try Again","undefined","undefined","110","63","undefined","1","1","2","false"
"/404.html","404 – Page Not Found | Pilot Instructional Center | Kansas","The page you’re looking for doesn’t exist. Return to Pilot Instructional Center to explore flight training programs and resources.","404 - Page Not Found - Explore Our Flight Training Programs","undefined","undefined","130","59","undefined","1","1","2","false"
"/terms-of-service/","Terms of Service | Pilot Instructional Center | New Century Kansas","Terms and conditions for using the Pilot Instructional Center website and services.","Terms of Service for Pilot Instructional Center Website","undefined","undefined","83","55","undefined","1","1","12","false"
"/privacy-policy/","Privacy Policy | Pilot Instructional Center  | New Century KS","Pilot Instructional Center's privacy policy explains how we collect, use, and protect your personal information when you use our website and services.","Privacy Policy for the Pilot Instructional Center Website","undefined","undefined","150","57","undefined","1","1","11","false"
"/pricing/","Flight Training Pricing | Pilot Instructional Center","View transparent flight training pricing at Pilot Instructional Center near Kansas City. Understand the exact costs for every pilot certificate and rating.","Flight Training Pricing  at Pilot Instructional Center","undefined","undefined","155","54","undefined","1","1","5","false"
"/pilot-training/","Flight Training PIC Areas Served | Serving the Kansas City Metro","Discover where Pilot Instructional Center provides elite flight training. From Kansas to Missouri, we're building the next generation of aviators.","Flight Training Across the Kansas City Metro","undefined","undefined","146","44","undefined","1","1","7","false"
"/new-to-flying/","New to Flying? Start Here | Pilot Instructional Center  | New Century KS","No experience required to start. Learn how to become a pilot with clear guidance, senior instructors, and a safety-first approach at New Century AirCenter.","Start Your Aviation Journey with PIC, no experience needed","undefined","undefined","155","58","undefined","1","1","7","false"
"/flight-training/","Flight Training Programs | Pilot Instructional Center | Near Kansas City","Explore structured pilot training programs at Pilot Instructional Center. From Private Pilot to CFI, our curriculum is built on safety and deep experience.","Professional Flight Training You Can Trust","undefined","undefined","155","42","undefined","1","1","5","false"
"/faqs/","Frequently Asked Questions | Pilot Instructional Center  | New Century KS","Find answers about flight training, costs, aircraft, scheduling, requirements, and PIC’s senior-instructor training model.","Frequently Asked Questions","undefined","undefined","122","26","undefined","1","1","4","false"
"/enroll-confirmation/","Enrollment Complete | Pilot Instructional Center  | New Century KS","Your enrollment has been submitted. A PIC team member will reach out soon to help you begin your training journey.","Your Enrollment Submission at PIC Was Successful","undefined","undefined","114","48","undefined","1","1","2","false"
"/discovery-flight-confirmation/","Discovery Flight Booked | Pilot Instructional Center | New Century KS","Your discovery flight is confirmed. Get ready for an unforgettable introduction to aviation at Pilot Instructional Center.","Your Discovery Flight Booking is Now Confirmed at PIC","undefined","undefined","122","53","undefined","1","1","2","false"
"/contact-confirmation/","Contact confirmation | Pilot Instructional Center | New Century KS","Thank you for contacting us. PIC will get back to you shortly to assist with your aviation questions.","Contact Confirmation","undefined","undefined","101","20","undefined","1","1","2","false"
"/discovery-flight/","Book a Discovery Flight	Experience Aviation in Kansas City | Pilot Instructional Center","Take your first flight at Pilot Instructional Center. Sit at the controls and experience flying with an experienced instructor.","Book Your First Discovery Flight at Pilot Instructional Center","undefined","undefined","127","62","undefined","1","1","6","false"
"/contact/","Contact Us | Pilot Instructional Center | New Century KS","Get in touch with the Pilot Instructional Center team. Whether you have questions about training, pricing, or scheduling, our experts are here to help you.","Thank You for Contacting the Pilot Instructional Center","undefined","undefined","155","55","undefined","1","1","5","false"
"/blog/","PIC Blog | Aviation Tips, Training Guides & Student Resources","Read expert articles from PIC instructors on aviation safety, flight training tips, FAA regulations, career paths, and inspiring student success stories.","The Pilot Instructional Center Aviation & Training Blog","undefined","undefined","153","55","undefined","1","1","21","false"
"/airline-pilot-track/","Airline Pilot Career Track | Pilot Instructional Center","Train for an airline career at Pilot Instructional Center. We offer structured progression from your Private Pilot license through your CFI ratings.","Airline Pilot Career Track  at Pilot Instructional Center","undefined","undefined","148","57","undefined","1","1","7","false"
"/about/","About Us | Pilot Instructional Center | New Century KS","Discover PIC’s history and mission. Learn how our senior instructors, aviation family roots, and commitment to integrity set a high standard for training.","Pilot Instructional Center Kansas City’s Premier Flight School","undefined","undefined","154","62","undefined","1","1","12","false"
"/pilot-training/shawnee-ks/","Flight Training Near Shawnee, KS | Pilot Instructional Center","Professional flight training for students in Shawnee, KS. Based at New Century AirCenter, we offer discovery flights and structured pilot certification.","Professional Pilot Training Near Shawnee, Kansas at PIC","undefined","undefined","152","55","undefined","1","1","12","false"
"/pilot-training/overland-park-ks/","Flight Training Near Overland Park, KS | Pilot Instructional Center","Get professional flight training near Overland Park, KS. We provide discovery flights and pilot programs based at the nearby New Century AirCenter.","Pilot Training Near Overland Park, Kansas","undefined","undefined","147","41","undefined","1","1","12","false"
"/pilot-training/olathe-ks/","Flight Training Near Olathe, KS | Pilot Instructional Center","Professional flight training for Olathe, KS students at New Century AirCenter. We offer discovery flights and comprehensive pilot training programs.","Professional Flight Training Near Olathe, Kansas at PIC","undefined","undefined","148","55","undefined","1","1","12","false"
"/pilot-training/new-century-ks/","Flight Training in New Century, KS | Pilot Instructional Center","Learn to fly at New Century AirCenter (KIXD). Pilot Instructional Center offers personalized instruction, discovery flights, and pilot certification.","Pilot Training in New Century, Kansas","undefined","undefined","149","37","undefined","1","1","12","false"
"/pilot-training/lenexa-ks/","Flight Training Near Lenexa, KS | Pilot Instructional Center","Flight training near Lenexa, KS at New Century AirCenter. Join Pilot Instructional Center for discovery flights and professional pilot certification.","Pilot Training Near Lenexa, Kansas at PIC","undefined","undefined","149","41","undefined","1","1","12","false"
"/pilot-training/leawood-ks/","Flight Training Near Leawood, KS | Pilot Instructional Center","Professional flight training near Leawood, KS at New Century AirCenter. We offer discovery flights and full pilot training paths for all students.","Pilot Training Near Leawood, Kansas","undefined","undefined","146","35","undefined","1","1","12","false"
"/pilot-training/lawrence-ks/","Flight Training Near Lawrence, KS | Pilot Instructional Center","Professional flight training near Lawrence, KS at New Century AirCenter. Discover why Lawrence pilots choose PIC for personalized instruction, modern aircraft, and a clear path to the cockpit.","Professional Pilot Training Serving Lawrence, Kansas","undefined","undefined","192","52","undefined","1","1","12","false"
"/pilot-training/kansas-city-ks/","Flight Training Near Kansas City, KS | Pilot Instructional Center","Professional flight training near Kansas City, KS at New Century AirCenter. We offer discovery flights and full pilot training paths for all students.","Pilot Training Near Kansas City, Kansas","undefined","undefined","150","39","undefined","1","1","12","false"
"/pilot-training/johnson-county-ks/","Flight Training in Johnson County, KS | Pilot Instructional Center","Flight training across Johnson County, KS based at New Century AirCenter. PIC offers discovery flights and expert training for your pilot license.","Pilot Training for Johnson County, Kansas","undefined","undefined","146","41","undefined","1","1","12","false"
"/pilot-training/gardner-ks/","Flight Training Near Gardner, KS | Pilot Instructional Center","Professional flight training for Gardner, KS students at New Century AirCenter. Start with a discovery flight or enroll in our pilot programs today.","Professional Flight Training Near Shawnee, Kansas at PIC","undefined","undefined","148","56","undefined","1","1","12","false"
"/flight-training/sport-pilot/","Sport Pilot Certificate Training | Pilot Instructional Center | Near Kansas City","Earn your Sport Pilot Certificate near Kansas City with structured Part 61 training at FAA minimum cost of $7,100.","Sport Pilot Certificate (Part 61)","undefined","undefined","114","33","undefined","1","1","7","false"
"/flight-training/private-pilot/","Private Pilot License Training | Pilot Instructional Center | Near Kansas City","Start flying with PIC’s Private Pilot program. Train with senior instructors in a safety-first environment.","Private Pilot License Training at Pilot Instructional Center","undefined","undefined","107","60","undefined","1","1","7","false"
"/flight-training/instrument-rating/","Instrument Rating (IFR) Training | Pilot Instructional Center | Near Kansas City","Build real-world IFR proficiency with experienced CFII instructors at Pilot Instructional Center.","Instrument Rating (IFR) Training at Pilot Instructional Center","undefined","undefined","97","62","undefined","1","1","7","false"
"/flight-training/commercial-pilot/","Commercial Pilot Training | Pilot Instructional Center | Near Kansas City","Advance toward a professional aviation career with PIC’s Commercial Pilot training program.","Commercial Pilot License Training at Pilot Instructional Center","undefined","undefined","91","63","undefined","1","1","7","false"
"/flight-training/certified-flight-instructor-instrument-cfii/","Certified Flight Instructor (CFI) Training | PIC | Near Kansas City","Become a professional flight instructor with structured CFI training from senior mentors at PIC.","Certified Flight Instructor,  Instrument (CFII)","undefined","undefined","96","47","undefined","1","1","7","false"
"/flight-training/certified-flight-instructor-cfi/","CFII Training | Pilot Instructional Center | Near Kansas City","Train to teach instrument flying with confidence through PIC’s CFII program led by experienced instructors.","Certified Flight Instructor (CFI)","undefined","undefined","107","33","undefined","1","1","7","false"
"/blog/why-now-is-the-best-time-to-become-a-pilot/","Why Become a Pilot? Your Guide to Flight Training in Kansas City","Discover why now is the best time to become a pilot. Learn about career demand and how to start your aviation journey at Pilot Instructional Center.","Why Become a Pilot? Your Guide to Flight Training in Kansas City","undefined","undefined","148","64","undefined","1","1","7","false"
"/blog/why-most-student-pilots-drop-out-and-how-to-succeed/","The 80% Statistic: Why Most Student Pilots Drop Out and How to Succeed","Nearly 80% of student pilots drop out. Discover common pitfalls and how Pilot Instructional Center helps you beat the odds to earn your wings today.","The 80% Statistic: Why Most Student Pilots Drop Out and How to Succeed","undefined","undefined","148","70","undefined","1","1","7","false"
"/blog/why-experience-matters-in-flight-training/","Why Experience Matters: How 30+ Years of Aviation Shape Better Pilots","Discover why our 30+ years of Kansas City aviation experience help create safer, more capable pilots at every level of flight training at our center.","Why Experience Matters: How 30+ Years of Aviation Shape Better Pilots","undefined","undefined","149","69","undefined","1","1","7","false"
"/blog/what-to-expect-in-your-first-flight-lesson-at-pic/","What to Expect in Your First Flight Lesson at PIC in Kansas 2026","A beginner-friendly guide to your first flight lesson. See what to bring and how our simulator-forward training helps you learn faster with confidence.","What to Expect in Your First Flight Lesson at PIC in Kansas 2026","undefined","undefined","151","64","undefined","1","1","7","false"
"/blog/understanding-the-1500-hour-rule-airline-pilot-path/","Understanding the 1500 Hour Rule: Your Path to the Airlines","What is the 1500 hour rule? Learn the requirements for your airline career and how Pilot Instructional Center helps you reach this major milestone.","Understanding the 1500 Hour Rule: Your Path to the Airlines","undefined","undefined","147","59","undefined","1","1","7","false"
"/blog/what-does-it-mean-to-fly-in-the-soup-aviation-slang/","Flying 'In the Soup': A Guide to Instrument Flight Training","What does it mean to fly 'in the soup'? Explore Instrument Meteorological Conditions and how our team prepares you for all-weather flight proficiency.","Flying 'In the Soup': A Guide to Instrument Flight Training","undefined","undefined","150","59","undefined","1","1","7","false"
"/blog/the-pic-difference-senior-instructors-gold-seal-quality/","PIC: Gold Seal Senior Instructors & Real-World Aviation Expertise","Why PIC stands out in Kansas City with highly experienced instructors dedicated to producing exceptional, safer, and more confident student pilots.","PIC: Gold Seal Senior Instructors & Real-World Aviation Expertise","undefined","undefined","147","65","undefined","1","1","7","false"
"/blog/is-it-true-pilots-make-over-300000-a-year/","Pilot Salaries in 2026: Do Pilots Really Make Over $300,000?","Is the $300,000 pilot salary a myth? Explore current airline pay scales, career progression, and the financial outlook for aviators in our region.","Pilot Salaries in 2026: Do Pilots Really Make Over $300,000?","undefined","undefined","146","60","undefined","1","1","7","false"
"/blog/part-61-vs-part-141-choosing-the-best-flight-school-in-kansas/","Part 61 vs. Part 141: Choosing the Best Flight School in Kansas","Confused by flight training regulations? Understand the differences between Part 61 and Part 141 to choose the right school for your aviation career in 2026.","Part 61 vs. Part 141: Choosing the Best Flight School in Kansas","undefined","undefined","157","63","undefined","1","1","7","false"
"/blog/security-standard-for-aviation-at-pilot-instructional-center/","Training with Confidence: The Role of Safety Standards at PIC","Flying is exciting, but safety comes first. At Pilot Instructional Center, safety is integrated into every lesson, starting from your very first flight.","Training with Confidence: The Role of Safety Standards at PIC","undefined","undefined","152","61","undefined","1","1","7","false"
"/blog/inside-pilot-instructional-center-family-run-flight-school/","Inside Pilot Instructional Center: A Family-Run Flight School That Gets It Right","Discover how Pilot Instructional Center at KIXD delivers honest, high-quality flight training through experienced instructors and a student-first approach.","Inside Pilot Instructional Center: A Family-Run Flight School That Gets It Right","undefined","undefined","155","80","undefined","1","1","7","false"
"/blog/how-to-become-an-airline-pilot-in-kansas-2026-guide/","How to Become an Airline Pilot in Kansas (2026 Guide)","Launch your career in the skies. Follow this 2026 roadmap to go from zero experience to the flight deck in Kansas. Your professional journey starts here.","How to Become an Airline Pilot in Kansas (2026 Guide)","undefined","undefined","153","53","undefined","1","1","7","false"
"/blog/how-pic-builds-safer-more-confident-pilots/","How Pilot Instructional Center Builds Safer, More Confident Pilots","Learn how Pilot Instructional Center uses accelerated training and expert CFII instructors to develop safer, more capable, and confident pilots.","How Pilot Instructional Center Builds Safer, More Confident Pilots","undefined","undefined","144","66","undefined","1","1","7","false"
"/blog/how-long-does-it-take-to-become-an-airline-pilot/","How Long Does It Take to Become an Airline Pilot? The 2026 Timeline","Curious about the path from zero experience to the flight deck? Discover the realistic 2026 timeline and clear steps to becoming an airline pilot with PIC.","How Long Does It Take to Become an Airline Pilot? The 2026 Timeline","undefined","undefined","155","67","undefined","1","1","7","false"
"/blog/accelerated-vs-part-time-flight-training-cost-savings-in-2026/","Accelerated vs. Part-Time Flight Training: How to Save Money in 2026","Is accelerated flight training worth the intensity? Learn how a full-time, structured program reduces costs and land yours high-paying cockpit years sooner.","Accelerated vs. Part-Time Flight Training: How to Save Money in 2026","undefined","undefined","156","68","undefined","1","1","7","false"
"/about/our-team/","Our Team | Pilot Instructional Center | Near Kansas City","Meet the senior flight instructors and leadership at PIC. Learn about the certifications and dedication used to help students become safe, skilled pilots.","The Instructors Behind Kansas City’s Premier Flight School","undefined","undefined","154","58","undefined","1","1","6","false"
"/about/our-fleet/","Our Fleet | Pilot Instructional Center | New Century AirCenter KIXD","Explore PIC’s aircraft, including the historic Stinson SR-5A. Learn about performance, specs, and how our fleet supports safe, high-quality pilot training.","Our Fleet.  Reliable. Proven. Purpose-Built for Training.","undefined","undefined","155","57","undefined","1","1","7","false"
"/blog/tag/student-pilots/","Blog posts tagged with student pilots | PIC in Kansas","Explore PIC's, Kansas, collection of articles regarding student pilots in the aviation industry.","Articles tagged with: student pilots","undefined","undefined","96","36","undefined","1","1","5","false"
"/blog/tag/student-pilot-dropout-rate/","Blog posts tagged with student pilot dropout rate | PIC in Kansas","Explore PIC's, Kansas, collection of articles regarding student pilot dropout rate in the aviation industry.","Articles tagged with: student pilot dropout rate","undefined","undefined","108","48","undefined","1","1","5","false"
"/blog/tag/pilot-training-kansas-city/","Blog posts tagged with pilot training Kansas City | PIC in Kansas","Explore PIC's, Kansas, collection of articles regarding pilot training Kansas City in the aviation industry.","Articles tagged with: pilot training Kansas City","undefined","undefined","108","48","undefined","1","1","5","false"
"/blog/tag/student-pilot-guide/","Blog posts tagged with student pilot guide | PIC in Kansas","Explore PIC's, Kansas, collection of articles regarding student pilot guide in the aviation industry.","Articles tagged with: student pilot guide","undefined","undefined","101","41","undefined","1","1","5","false"
"/blog/tag/pilot-training-kansas/","Blog posts tagged with pilot training Kansas | PIC in Kansas","Explore PIC's, Kansas, collection of articles regarding pilot training Kansas in the aviation industry.","Articles tagged with: pilot training Kansas","undefined","undefined","103","43","undefined","1","1","5","false"
"/blog/tag/pilot-training/","Blog posts tagged with pilot training | PIC in Kansas","Explore PIC's, Kansas, collection of articles regarding pilot training in the aviation industry.","Articles tagged with: pilot training","undefined","undefined","96","36","undefined","1","1","7","false"
"/blog/tag/pilot-training-cost/","Blog posts tagged with pilot training cost | PIC in Kansas","Explore PIC's, Kansas, collection of articles regarding pilot training cost in the aviation industry.","Articles tagged with: pilot training cost","undefined","undefined","101","41","undefined","1","1","5","false"
"/blog/tag/pilot-salary/","Blog posts tagged with pilot salary | PIC in Kansas","Explore PIC's, Kansas, collection of articles regarding pilot salary in the aviation industry.","Articles tagged with: pilot salary","undefined","undefined","94","34","undefined","1","1","5","false"
"/blog/tag/pilot-job-outlook/","Blog posts tagged with pilot job outlook | PIC in Kansas","Explore PIC's, Kansas, collection of articles regarding pilot job outlook in the aviation industry.","Articles tagged with: pilot job outlook","undefined","undefined","99","39","undefined","1","1","5","false"
"/blog/tag/pilot-beginners-guide/","Blog posts tagged with pilot beginners guide | PIC in Kansas","Explore PIC's, Kansas, collection of articles regarding pilot beginners guide in the aviation industry.","Articles tagged with: pilot beginners guide","undefined","undefined","103","43","undefined","1","1","5","false"
"/blog/tag/pic-kansas-city/","Blog posts tagged with PIC Kansas City | PIC in Kansas","Explore PIC's, Kansas, collection of articles regarding PIC Kansas City in the aviation industry.","Articles tagged with: PIC Kansas City","undefined","undefined","97","37","undefined","1","1","14","false"
"/blog/tag/pic-flight-training/","Blog posts tagged with PIC flight training | PIC in Kansas","Explore PIC's, Kansas, collection of articles regarding PIC flight training in the aviation industry.","Articles tagged with: PIC flight training","undefined","undefined","101","41","undefined","1","1","5","false"
"/blog/tag/pilot-lifestyle/","Blog posts tagged with pilot lifestyle | PIC in Kansas","Explore PIC's, Kansas, collection of articles regarding pilot lifestyle in the aviation industry.","Articles tagged with: pilot lifestyle","undefined","undefined","97","37","undefined","1","1","5","false"
"/blog/tag/pilot-development/","Blog posts tagged with pilot development | PIC in Kansas","Explore PIC's, Kansas, collection of articles regarding pilot development in the aviation industry.","Articles tagged with: pilot development","undefined","undefined","99","39","undefined","1","1","5","false"
"/blog/tag/pic-courses/","Blog posts tagged with PIC courses | PIC in Kansas","Explore PIC's, Kansas, collection of articles regarding PIC courses in the aviation industry.","Articles tagged with: PIC courses","undefined","undefined","93","33","undefined","1","1","5","false"
"/blog/tag/part-61-vs-part-141/","Blog posts tagged with Part 61 vs Part 141 | PIC in Kansas","Explore PIC's, Kansas, collection of articles regarding Part 61 vs Part 141 in the aviation industry.","Articles tagged with: Part 61 vs Part 141","undefined","undefined","101","41","undefined","1","1","5","false"
"/blog/tag/part-61-training/","Blog posts tagged with Part 61 training | PIC in Kansas","Explore PIC's, Kansas, collection of articles regarding Part 61 training in the aviation industry.","Articles tagged with: Part 61 training","undefined","undefined","98","38","undefined","1","1","5","false"
"/blog/tag/learn-to-fly/","Blog posts tagged with learn to fly | PIC in Kansas","Explore PIC's, Kansas, collection of articles regarding learn to fly in the aviation industry.","Articles tagged with: learn to fly","undefined","undefined","94","34","undefined","1","1","7","false"
"/blog/tag/kansas-city-pilots/","Blog posts tagged with Kansas City pilots | PIC in Kansas","Explore PIC's, Kansas, collection of articles regarding Kansas City pilots in the aviation industry.","Articles tagged with: Kansas City pilots","undefined","undefined","100","40","undefined","1","1","5","false"
"/blog/tag/kansas-city-aviation/","Blog posts tagged with Kansas City aviation | PIC in Kansas","Explore PIC's, Kansas, collection of articles regarding Kansas City aviation in the aviation industry.","Articles tagged with: Kansas City aviation","undefined","undefined","102","42","undefined","1","1","6","false"
"/blog/tag/instrument-rating/","Blog posts tagged with instrument rating | PIC in Kansas","Explore PIC's, Kansas, collection of articles regarding instrument rating in the aviation industry.","Articles tagged with: instrument rating","undefined","undefined","99","39","undefined","1","1","5","false"
"/blog/tag/instrument-flight-rules/","Blog posts tagged with instrument flight rules | PIC in Kansas","Explore PIC's, Kansas, collection of articles regarding instrument flight rules in the aviation industry.","Articles tagged with: instrument flight rules","undefined","undefined","105","45","undefined","1","1","5","false"
"/blog/tag/in-the-soup/","Blog posts tagged with in the soup | PIC in Kansas","Explore PIC's, Kansas, collection of articles regarding in the soup in the aviation industry.","Articles tagged with: in the soup","undefined","undefined","93","33","undefined","1","1","5","false"
"/blog/tag/imc-aviation/","Blog posts tagged with IMC aviation | PIC in Kansas","Explore PIC's, Kansas, collection of articles regarding IMC aviation in the aviation industry.","Articles tagged with: IMC aviation","undefined","undefined","94","34","undefined","1","1","5","false"
"/blog/tag/ifr-training/","Blog posts tagged with IFR training | PIC in Kansas","Explore PIC's, Kansas, collection of articles regarding IFR training in the aviation industry.","Articles tagged with: IFR training","undefined","undefined","94","34","undefined","1","1","5","false"
"/blog/tag/flight-training-tips/","Blog posts tagged with flight training tips | PIC in Kansas","Explore PIC's, Kansas, collection of articles regarding flight training tips in the aviation industry.","Articles tagged with: flight training tips","undefined","undefined","102","42","undefined","1","1","5","false"
"/blog/tag/flight-training-duration/","Blog posts tagged with flight training duration | PIC in Kansas","Explore PIC's, Kansas, collection of articles regarding flight training duration in the aviation industry.","Articles tagged with: flight training duration","undefined","undefined","106","46","undefined","1","1","5","false"
"/blog/tag/flight-training/","Blog posts tagged with flight training | PIC in Kansas","Explore PIC's, Kansas, collection of articles regarding flight training in the aviation industry.","Articles tagged with: flight training","undefined","undefined","97","37","undefined","1","1","7","false"
"/blog/tag/flight-school-success/","Blog posts tagged with flight school success | PIC in Kansas","Explore PIC's, Kansas, collection of articles regarding flight school success in the aviation industry.","Articles tagged with: flight school success","undefined","undefined","103","43","undefined","1","1","5","false"
"/blog/tag/flight-school-kansas-city/","Blog posts tagged with flight school Kansas City | PIC in Kansas","Explore PIC's, Kansas, collection of articles regarding flight school Kansas City in the aviation industry.","Articles tagged with: flight school Kansas City","undefined","undefined","107","47","undefined","1","1","6","false"
"/blog/tag/flight-school-safety/","Blog posts tagged with flight school safety | PIC in Kansas","Explore PIC's, Kansas, collection of articles regarding flight school safety in the aviation industry.","Articles tagged with: flight school safety","undefined","undefined","102","42","undefined","1","1","5","false"
"/blog/tag/flight-school-kansas/","Blog posts tagged with flight school Kansas | PIC in Kansas","Explore PIC's, Kansas, collection of articles regarding flight school Kansas in the aviation industry.","Articles tagged with: flight school Kansas","undefined","undefined","102","42","undefined","1","1","5","false"
"/blog/tag/flight-school/","Blog posts tagged with flight school | PIC in Kansas","Explore PIC's, Kansas, collection of articles regarding flight school in the aviation industry.","Articles tagged with: flight school","undefined","undefined","95","35","undefined","1","1","7","false"
"/blog/tag/flight-instruction/","Blog posts tagged with flight instruction | PIC in Kansas","Explore PIC's, Kansas, collection of articles regarding flight instruction in the aviation industry.","Articles tagged with: flight instruction","undefined","undefined","100","40","undefined","1","1","5","false"
"/blog/tag/first-flight-lesson/","Blog posts tagged with first flight lesson | PIC in Kansas","Explore PIC's, Kansas, collection of articles regarding first flight lesson in the aviation industry.","Articles tagged with: first flight lesson","undefined","undefined","101","41","undefined","1","1","5","false"
"/blog/tag/faa-standards/","Blog posts tagged with FAA standards | PIC in Kansas","Explore PIC's, Kansas, collection of articles regarding FAA standards in the aviation industry.","Articles tagged with: FAA standards","undefined","undefined","95","35","undefined","1","1","5","false"
"/blog/tag/commercial-pilot-license/","Blog posts tagged with commercial pilot license | PIC in Kansas","Explore PIC's, Kansas, collection of articles regarding commercial pilot license in the aviation industry.","Articles tagged with: commercial pilot license","undefined","undefined","106","46","undefined","1","1","5","false"
"/blog/tag/commercial-pilot-income/","Blog posts tagged with commercial pilot income | PIC in Kansas","Explore PIC's, Kansas, collection of articles regarding commercial pilot income in the aviation industry.","Articles tagged with: commercial pilot income","undefined","undefined","105","45","undefined","1","1","5","false"
"/blog/tag/cfi-training/","Blog posts tagged with CFI training | PIC in Kansas","Explore PIC's, Kansas, collection of articles regarding CFI training in the aviation industry.","Articles tagged with: CFI training","undefined","undefined","94","34","undefined","1","1","5","false"
"/blog/tag/cfi-jobs/","Blog posts tagged with CFI jobs | PIC in Kansas","Explore PIC's, Kansas, collection of articles regarding CFI jobs in the aviation industry.","Articles tagged with: CFI jobs","undefined","undefined","90","30","undefined","1","1","5","false"
"/blog/tag/cfi-insights/","Blog posts tagged with CFI insights | PIC in Kansas","Explore PIC's, Kansas, collection of articles regarding CFI insights in the aviation industry.","Articles tagged with: CFI insights","undefined","undefined","94","34","undefined","1","1","5","false"
"/blog/tag/become-an-airline-pilot/","Blog posts tagged with become an airline pilot | PIC in Kansas","Explore PIC's, Kansas, collection of articles regarding become an airline pilot in the aviation industry.","Articles tagged with: become an airline pilot","undefined","undefined","105","45","undefined","1","1","5","false"
"/blog/tag/become-a-pilot/","Blog posts tagged with become a pilot | PIC in Kansas","Explore PIC's, Kansas, collection of articles regarding become a pilot in the aviation industry.","Articles tagged with: become a pilot","undefined","undefined","96","36","undefined","1","1","7","false"
"/blog/tag/aviation-safety/","Blog posts tagged with aviation safety | PIC in Kansas","Explore PIC's, Kansas, collection of articles regarding aviation safety in the aviation industry.","Articles tagged with: aviation safety","undefined","undefined","97","37","undefined","1","1","7","false"
"/blog/tag/aviation-education/","Blog posts tagged with aviation education | PIC in Kansas","Explore PIC's, Kansas, collection of articles regarding aviation education in the aviation industry.","Articles tagged with: aviation education","undefined","undefined","100","40","undefined","1","1","8","false"
"/blog/tag/aviation-career-2026/","Blog posts tagged with aviation career 2026 | PIC in Kansas","Explore PIC's, Kansas, collection of articles regarding aviation career 2026 in the aviation industry.","Articles tagged with: aviation career 2026","undefined","undefined","102","42","undefined","1","1","5","false"
"/blog/tag/aviation-career/","Blog posts tagged with aviation career | PIC in Kansas","Explore PIC's, Kansas, collection of articles regarding aviation career in the aviation industry.","Articles tagged with: aviation career","undefined","undefined","97","37","undefined","1","1","5","false"
"/blog/tag/aviation-careers/","Blog posts tagged with aviation careers | PIC in Kansas","Explore PIC's, Kansas, collection of articles regarding aviation careers in the aviation industry.","Articles tagged with: aviation careers","undefined","undefined","98","38","undefined","1","1","6","false"
"/blog/tag/atp-certificate/","Blog posts tagged with ATP certificate | PIC in Kansas","Explore PIC's, Kansas, collection of articles regarding ATP certificate in the aviation industry.","Articles tagged with: ATP certificate","undefined","undefined","97","37","undefined","1","1","6","false"
"/blog/tag/airline-pilot-timeline/","Blog posts tagged with airline pilot timeline | PIC in Kansas","Explore PIC's, Kansas, collection of articles regarding airline pilot timeline in the aviation industry.","Articles tagged with: airline pilot timeline","undefined","undefined","104","44","undefined","1","1","5","false"
"/blog/tag/airline-pilot-pay/","Blog posts tagged with airline pilot pay | PIC in Kansas","Explore PIC's, Kansas, collection of articles regarding airline pilot pay in the aviation industry.","Articles tagged with: airline pilot pay","undefined","undefined","99","39","undefined","1","1","5","false"
"/blog/tag/airline-pilot-kansas/","Blog posts tagged with airline pilot Kansas | PIC in Kansas","Explore PIC's, Kansas, collection of articles regarding airline pilot Kansas in the aviation industry.","Articles tagged with: airline pilot Kansas","undefined","undefined","102","42","undefined","1","1","5","false"
"/blog/tag/airline-pilot-career/","Blog posts tagged with airline pilot career | PIC in Kansas","Explore PIC's, Kansas, collection of articles regarding airline pilot career in the aviation industry.","Articles tagged with: airline pilot career","undefined","undefined","102","42","undefined","1","1","5","false"
"/blog/tag/accelerated-training/","Blog posts tagged with accelerated training | PIC in Kansas","Explore PIC's, Kansas, collection of articles regarding accelerated training in the aviation industry.","Articles tagged with: accelerated training","undefined","undefined","102","42","undefined","1","1","5","false"
"/blog/tag/accelerated-flight-training/","Blog posts tagged with accelerated flight training | PIC in Kansas","Explore PIC's, Kansas, collection of articles regarding accelerated flight training in the aviation industry.","Articles tagged with: accelerated flight training","undefined","undefined","109","49","undefined","1","1","5","false"
"/blog/tag/1500-hour-rule/","Blog posts tagged with 1500 hour rule | PIC in Kansas","Explore PIC's, Kansas, collection of articles regarding 1500 hour rule in the aviation industry.","Articles tagged with: 1500 hour rule","undefined","undefined","96","36","undefined","1","1","5","false"
"/blog/category/private-pilot-flight-school/","Private Pilot Flight School's blog posts | PIC in Kansas, USA","Expert articles and training guides within the Private Pilot Flight School category.","Private Pilot Flight School| PIC in Kansas, USA","undefined","undefined","84","47","undefined","1","1","8","false"
"/blog/category/pilots-way-of-life/","Pilot's Way of Life's blog posts | PIC in Kansas, USA","Expert articles and training guides within the Pilot's Way of Life category.","Pilot's Way of Life| PIC in Kansas, USA","undefined","undefined","76","39","undefined","1","1","5","false"
"/blog/category/pilot-training-and-certification/","Pilot Training and Certification's blog posts | PIC in Kansas, USA","Expert articles and training guides within the Pilot Training and Certification category.","Pilot Training and Certification| PIC in Kansas, USA","undefined","undefined","89","52","undefined","1","1","12","false"
"/blog/category/pilot-mindset/","Pilot Mindset's blog posts | PIC in Kansas, USA","Expert articles and training guides within the Pilot Mindset category.","Pilot Mindset| PIC in Kansas, USA","undefined","undefined","70","33","undefined","1","1","6","false"
"/blog/category/pilot-career-guides/","Pilot Career Guides's blog posts | PIC in Kansas, USA","Expert articles and training guides within the Pilot Career Guides category.","Pilot Career Guides| PIC in Kansas, USA","undefined","undefined","76","39","undefined","1","1","10","false"
"/blog/category/pilot-guides/","Pilot Guides's blog posts | PIC in Kansas, USA","Expert articles and training guides within the Pilot Guides category.","Pilot Guides| PIC in Kansas, USA","undefined","undefined","69","32","undefined","1","1","7","false"
"/blog/category/flight-training/","Flight Training's blog posts | PIC in Kansas, USA","Expert articles and training guides within the Flight Training category.","Flight Training| PIC in Kansas, USA","undefined","undefined","72","35","undefined","1","1","14","false"
"/blog/category/community/","Community's blog posts | PIC in Kansas, USA","Expert articles and training guides within the Community category.","Community| PIC in Kansas, USA","undefined","undefined","66","29","undefined","1","1","5","false"
"/blog/category/commercial-pilot/","Commercial Pilot's blog posts | PIC in Kansas, USA","Expert articles and training guides within the Commercial Pilot category.","Commercial Pilot| PIC in Kansas, USA","undefined","undefined","73","36","undefined","1","1","11","false"
"/blog/category/career-change/","Career Change's blog posts | PIC in Kansas, USA","Expert articles and training guides within the Career Change category.","Career Change| PIC in Kansas, USA","undefined","undefined","70","33","undefined","1","1","6","false"
"/blog/category/aviation-training/","Aviation Training's blog posts | PIC in Kansas, USA","Expert articles and training guides within the Aviation Training category.","Aviation Training| PIC in Kansas, USA","undefined","undefined","74","37","undefined","1","1","15","false"
"/blog/category/aviation-safety/","Aviation Safety's blog posts | PIC in Kansas, USA","Expert articles and training guides within the Aviation Safety category.","Aviation Safety| PIC in Kansas, USA","undefined","undefined","72","35","undefined","1","1","6","false"