Top queries,Clicks,Impressions,CTR,Position
pilot instructional center,19,42,45.24%,1.12
kansas city flight schools,2,45,4.44%,15.76
stephanie fahy,2,17,11.76%,1.59
robert isom,1,71,1.41%,3.83
flight schools kansas city,1,61,1.64%,13.75
flight schools near me,1,28,3.57%,8.14
discovery flight kansas city,1,24,4.17%,14.96
pilot training near me,1,21,4.76%,8.86
kansas flight school,1,18,5.56%,26.39
kansas flight schools,1,11,9.09%,17.91
private pilot training near me,1,2,50%,1
cost,1,1,100%,1
pilot's license near me,1,1,100%,1
private pilots license school,1,1,100%,1
how difficult is it to learn to fly a plane,1,1,100%,2
how long does it take to get a private pilots license,1,1,100%,3
speedbird pilot academy 2026,1,1,100%,3
will ai replace pilots,1,1,100%,3
pilot institute,0,150,0%,3.57
flight instruction,0,124,0%,59.04
faa private pilot certificate requirements 2026,0,107,0%,7.63
starflite aviation license revoked,0,106,0%,3.76
flight school kansas city,0,98,0%,19.5
faa private pilot requirements 2026,0,85,0%,9.01
pilot training kansas city,0,84,0%,16.46
faa private pilot license requirements 2026,0,77,0%,8.1
flight training kansas city,0,74,0%,16.12
flight lessons kansas city,0,67,0%,19.48
kansas city flight school,0,65,0%,20.26
kansas city pilot training,0,64,0%,19.95
kansas city flight training,0,61,0%,17.69
kc flight training,0,56,0%,25.52
flight school near me,0,42,0%,5.43
pilot near me,0,41,0%,5.32
cfii training kansas city,0,41,0%,20.63
flight schools in kansas,0,38,0%,15.66
flight school,0,37,0%,7.78
sport pilot license,0,35,0%,7.66
flight school olathe,0,31,0%,17.42
kansas flight training,0,31,0%,19.84
cfi school kansas city,0,30,0%,20.8
olathe private pilot license,0,29,0%,17.62
pilot schools in kansas,0,28,0%,12.25
olathe flight school,0,28,0%,17.14
private pilot license olathe,0,28,0%,21.71
pilot checkout kansas city,0,28,0%,23.43
cfi training kansas city,0,28,0%,24.89
discovery flight,0,27,0%,28.37
faa commercial pilot certificate requirements 2026,0,26,0%,7.15
kansas city ks flight school,0,26,0%,18.81
best flight schools near me for beginners,0,25,0%,7.4
flight school kansas city ks,0,25,0%,17.8
commercial pilot license kansas city,0,23,0%,21.26
intro flight kansas city,0,23,0%,21.57
airline pilot training kansas city,0,23,0%,23.17
certified flight instructor training kansas city,0,23,0%,29.26
pilot school,0,22,0%,4.95
flight training near me,0,22,0%,5
learn to fly experience kansas city,0,22,0%,17.82
private pilot license kansas city,0,22,0%,18.23
commercial pilot school kansas city,0,22,0%,26.05
flight instruction kansas city,0,22,0%,33.95
part 61 flight school,0,21,0%,10.86
kansas city pilot school,0,21,0%,17.81
instrument rating kansas city,0,21,0%,18.33
pilot center,0,21,0%,23.14
flight school cost kansas city,0,20,0%,15.65
commercial pilot training kansas city,0,19,0%,21.05
learn to fly kansas city,0,19,0%,21.74
private pilot license,0,18,0%,2.94
pilot school near me,0,18,0%,7.06
faa commercial pilot requirements 2026,0,18,0%,9.56
best flight school in kansas city,0,18,0%,17.06
aviation training programs kansas city,0,18,0%,18.39
how much do pilots make,0,17,0%,2.65
private pilot license kc,0,17,0%,17.65
flight training cost kansas city,0,17,0%,19.53
flight schools in kansas city,0,17,0%,20.35
intro flight lesson kansas city,0,17,0%,23.71
flight school gardner,0,17,0%,29.29
aviation academy kansas city,0,16,0%,16.81
faa medical certificate requirements for pilots 2026,0,15,0%,6.13
flight lessons kansas city mo,0,15,0%,16.2
pilot training,0,15,0%,17.87
accelerated flight training kansas city,0,15,0%,29.2
private pilot license kansas,0,15,0%,29.73
kansas private pilot license,0,15,0%,32.67
pilot lessons kansas city,0,15,0%,46.87
pilot,0,14,0%,4.36
flying lessons kansas,0,14,0%,7.5
faa commercial pilot license requirements 2026,0,14,0%,8.64
professional pilot program kansas city,0,14,0%,12.79
aviation schools in kansas,0,14,0%,17.5
commercial pilot training,0,14,0%,53.79
how much do commercial pilots make,0,13,0%,2.85
f-35 replaces a-10 warthog,0,13,0%,3.77
flying lessons kansas city,0,13,0%,17.08
airline pilot salary,0,12,0%,2.75
pilot career path usa,0,12,0%,37.25
pilot school kansas city,0,11,0%,10
commercial aircraft pilot training,0,11,0%,21.09
flight training,0,11,0%,26.36
faa medical certificate requirements for private pilot 2026,0,10,0%,6.7
faa student pilot certificate requirements 2026,0,10,0%,6.8
becoming a pilot in 2026,0,10,0%,11.1
part 141 flight schools,0,10,0%,12.5
how to become a commercial airline pilot steps requirements 2026,0,10,0%,14.5
aatd simulator kansas city,0,10,0%,18.8
mkc flight school,0,10,0%,21.5
private pilot license requirements faa 2026,0,9,0%,8.67
downtown airport flight training,0,9,0%,14.78
flight schools kansas,0,9,0%,15.67
how much do airline pilots make,0,8,0%,2.88
flight schools,0,8,0%,8.38
pilot career training,0,8,0%,10.75
faa private pilot license requirements steps 2026,0,8,0%,11.62
flight simulator kansas city,0,8,0%,19.12
century air,0,8,0%,35.5
pilot training wichita ks,0,8,0%,53.25
discovery flight lesson,0,8,0%,65.5
wichita flight training,0,8,0%,77.75
how hard is it to become a pilot,0,7,0%,2.29
commercial pilot salary,0,7,0%,3
flying school near me,0,7,0%,4.43
pilot license,0,7,0%,5.14
pilot schools,0,7,0%,5.86
how to become an airline pilot step by step requirements 2026,0,7,0%,12.14
how to become an airline pilot step by step 2026,0,7,0%,14.57
flight school kansas,0,7,0%,15.43
flying lessons wichita ks,0,7,0%,67.43
flight schools in wichita ks,0,7,0%,74.57
pilot salary,0,6,0%,2.83
how much do pilots make a year,0,6,0%,3
pilot salary in us,0,6,0%,3
faa requirements to become airline pilot 2026,0,6,0%,6.67
commercial pilot school,0,6,0%,7
commercial pilot license requirements faa 2026,0,6,0%,8.33
flying lessons near me,0,6,0%,10.83
professional pilot training,0,6,0%,11.17
flight training centers,0,6,0%,56.67
pilot training wichita,0,6,0%,75
jetback,0,5,0%,2
average commercial pilot salary,0,5,0%,2.2
are pilots in demand,0,5,0%,3
bls airline pilots median annual wage 2024,0,5,0%,3
commercial airline pilot salary,0,5,0%,3
how to become a pilot,0,5,0%,3
faa airline transport pilot requirements 2026,0,5,0%,4.4
percentage of student pilots who become airline pilots,0,5,0%,4.4
discovery flight near me,0,5,0%,6.4
airline pilot salary 2026,0,5,0%,6.6
aviation school near me,0,5,0%,6.6
faa first class medical requirements 2026,0,5,0%,7
pic flight training,0,5,0%,7.4
pic instrument training,0,5,0%,14.2
beginner pilot training,0,5,0%,22.8
pilot career progression,0,5,0%,30.2
cessna pilot center,0,5,0%,40.4
summit flight academy,0,5,0%,43.2
kc aero academy,0,5,0%,51.8
inflight pilot training,0,5,0%,56.6
flight training wichita ks,0,5,0%,60.2
commercial pilot course,0,5,0%,66.4
aviation training center,0,5,0%,73
private pilot training,0,5,0%,77
flight inc,0,5,0%,84
air force monica witt,0,4,0%,2
faa private pilot certificate minimum 40 hours average 60 75 hours,0,4,0%,2
how much does a pilot earn,0,4,0%,2
pilot salary average airline pilot salary 2025,0,4,0%,2.25
captain steeeve,0,4,0%,2.5
flight school cost,0,4,0%,2.5
how much is flight school,0,4,0%,2.5
southwest pilot salary,0,4,0%,3
scott kirby,0,4,0%,4
best flight schools in usa,0,4,0%,5
faa first class medical requirements for airline pilots 2026,0,4,0%,5
pilot schools near me,0,4,0%,5.75
faa atp requirements for airline pilots 2026,0,4,0%,8.5
faa sport pilot medical requirements 2026,0,4,0%,9.75
faa student pilot certificate age requirements 2026,0,4,0%,10
instrument rating instructor,0,4,0%,33.5
commercial flight training,0,4,0%,49
kansas city aircraft rental,0,4,0%,52.25
cessna pilot centers,0,4,0%,54.25
atd flight systems,0,4,0%,57.75
introductory flight lessons,0,4,0%,69.75
flying club kansas city,0,4,0%,71.25
instrument training,0,4,0%,71.25
private pilot flight training,0,4,0%,72.25
flying club of kansas city,0,4,0%,75.5
discovery flights,0,4,0%,83
it training programs,0,3,0%,1
"""pilot salary in usa"" search volume",0,3,0%,2
aopa average hours private pilot certificate 60 75 hours,0,3,0%,2
average pilot monthly salary,0,3,0%,2
benefits of being a pilot,0,3,0%,2
how much is flight training,0,3,0%,2
pilot starting salary,0,3,0%,2
richard russell,0,3,0%,2
entry level pilot salary,0,3,0%,2.33
flying lessons cost,0,3,0%,2.33
spirit airlines,0,3,0%,2.33
supercarrier,0,3,0%,2.33
airline pilot hiring requirements degree 2026,0,3,0%,2.67
do pilots make good money,0,3,0%,2.67
how much does a commercial pilot make,0,3,0%,2.67
how much does an airline pilot make,0,3,0%,2.67
how to pay for pilot training,0,3,0%,2.67
what do commercial pilots make,0,3,0%,2.67
airline pilot hiring requirements college degree 2026,0,3,0%,3
cfi,0,3,0%,3
cons of becoming a pilot,0,3,0%,3
delta pilot salary,0,3,0%,3
sullenberger aviation museum,0,3,0%,3
ups pilot salary,0,3,0%,3
hours to get private pilot license,0,3,0%,3.67
types of commercial pilot jobs,0,3,0%,3.67
american airlines india workforce growth,0,3,0%,4
netjets pilot pay,0,3,0%,4
pilot jobs,0,3,0%,4
flying school,0,3,0%,4.33
pilots license,0,3,0%,4.67
flight lessons near me,0,3,0%,5
commercial pilot license,0,3,0%,5.67
part 61 flight school near me,0,3,0%,5.67
faa cfi requirements 2026,0,3,0%,7
private pilot license requirements 2026,0,3,0%,8
faa atp requirements 2026,0,3,0%,8.67
aviation schools near me,0,3,0%,10
where can i learn to fly a plane near me,0,3,0%,10.33
commercial airline pilot salary us 2026,0,3,0%,12
how to become a commercial airline pilot step by step requirements 2026,0,3,0%,13
us air force pilot training age requirements 2026,0,3,0%,14
"what pilots make $500,000 a year? explain how pilot seniority works",0,3,0%,14.33
how long to become airline pilot from zero experience 2026,0,3,0%,17
learning to fly kc,0,3,0%,17.33
ppl kansas,0,3,0%,20
century air flight school,0,3,0%,22.33
introductory flight experience,0,3,0%,25.33
new century air service,0,3,0%,32.33
pilot institution,0,3,0%,33
commercial air pilot training,0,3,0%,35
pilot career path,0,3,0%,36.67
cfii training,0,3,0%,41
introductory flying lessons near me,0,3,0%,46.33
manhattan ks flight school,0,3,0%,51.33
aircraft rental kansas city,0,3,0%,53.33
atd flight systems llc,0,3,0%,55.33
find a flight instructor near me,0,3,0%,56
kilo charlie aviation,0,3,0%,61.67
flight training centre,0,3,0%,62.67
private flight training,0,3,0%,75
intro flying lesson,0,3,0%,76
lightning aviation,0,3,0%,78.33
flight lessons st louis,0,3,0%,83
instrument flight training,0,3,0%,90
certified flight instructor near me,0,2,0%,1
it training program near me,0,2,0%,1
how much does a pilot make in a year,0,2,0%,1.5
airline captain salary,0,2,0%,2
aopa how long does it take to get private pilot certificate months,0,2,0%,2
at what age can you get a pilot's license,0,2,0%,2
average salary for airline pilot,0,2,0%,2
boeing 777,0,2,0%,2
crop duster pilot salary,0,2,0%,2
first officer pilot pay,0,2,0%,2
how long does it take to get a private pilot license flying 3 times a week,0,2,0%,2
how much do pilots make per year,0,2,0%,2
how much does a airline pilot make a year,0,2,0%,2
how much does a pilot make per year,0,2,0%,2
how much money does a pilot make,0,2,0%,2
pilot annual salary,0,2,0%,2
pilot cerca de mí,0,2,0%,2
pilot demand in next 10 years,0,2,0%,2
requirements to become a commercial pilot,0,2,0%,2
spirit airlines news,0,2,0%,2
aopa how long does it take to get a private pilot license three times a week,0,2,0%,2.5
average airline pilot salary,0,2,0%,2.5
flight instructor,0,2,0%,2.5
flight school costs,0,2,0%,2.5
foreflight,0,2,0%,2.5
how much do helicopter pilots make,0,2,0%,2.5
how much do pilots make an hour,0,2,0%,2.5
how much money do pilots make,0,2,0%,2.5
how old do you have to be a pilot,0,2,0%,2.5
is it hard to get a pilots license,0,2,0%,2.5
nomadic aviation,0,2,0%,2.5
private pilot,0,2,0%,2.5
a380,0,2,0%,3
age limit to become a pilot,0,2,0%,3
airline pilot,0,2,0%,3
amazon air pilot salary,0,2,0%,3
atp flight school cost,0,2,0%,3
average pilot salary,0,2,0%,3
bls airline pilots copilots and flight engineers median pay 2024,0,2,0%,3
blue angels practice schedule 2026,0,2,0%,3
blue angels salary,0,2,0%,3
cost of commercial pilot license,0,2,0%,3
fedex pilot salary,0,2,0%,3
how long does it take to become a commercial pilot,0,2,0%,3
how much do cargo pilots make,0,2,0%,3
how much do fedex pilots make,0,2,0%,3
how to go to flight school,0,2,0%,3
is there a pilot shortage,0,2,0%,3
microsoft flight simulator,0,2,0%,3
plane pilot salary,0,2,0%,3
ricky nelson,0,2,0%,3
robert e jordan,0,2,0%,3
united 777 pilot salary,0,2,0%,3
twin otter plane,0,2,0%,3.5
bls commercial pilots median pay 2024,0,2,0%,4
what are the different levels of pilot licenses,0,2,0%,4
first officer lost consciousness landing,0,2,0%,4.5
pilot institue,0,2,0%,4.5
pilot training programs,0,2,0%,4.5
blue angels,0,2,0%,5
commercial pilot training school,0,2,0%,5
faa first class medical certificate requirements for airline pilots 2026,0,2,0%,5
jimmy haslam,0,2,0%,5
private pilot institute,0,2,0%,5
eaa young eagles,0,2,0%,5.5
pilot lessons near me,0,2,0%,5.5
united airlines lax fll route,0,2,0%,5.5
do airlines require college degree for pilots 2026,0,2,0%,6.5
faa requirements to become an airline pilot 2026,0,2,0%,6.5
pilot classes near me,0,2,0%,6.5
airline pilot degree requirements 2026,0,2,0%,7
faa third class medical certificate requirements 2026,0,2,0%,7
how to become an airline pilot requirements 2026,0,2,0%,7
"""discovery flight"" -site:reddit.com -site:twitter.com -site:x.com 
-site:wykop.pl -site:tripadvisor.com -site:youtube.com -site:yelp.com 
-site:booking.com -site:facebook.com -site:instagram.com -site:tiktok.com",0,2,0%,7.5
requirements to become a commercial airline pilot 2026,0,2,0%,7.5
faa pilot certification requirements 2026,0,2,0%,8
faa third class medical requirements 2026,0,2,0%,8
yes,0,2,0%,8
cfi near me,0,2,0%,8.5
how to get a private pilot license faa requirements 2026,0,2,0%,8.5
"part 141 flight school ""kansas"" faa approved pilot training program",0,2,0%,8.5
part 61 flight schools near me,0,2,0%,8.5
pilotschoolfinder.com announcements 2026,0,2,0%,8.5
private pilot license salary,0,2,0%,8.5
best flight school near me,0,2,0%,9
flight instruction near me,0,2,0%,9
local flight schools near me,0,2,0%,9
how much do aviators make,0,2,0%,9.5
"flight training ""kansas"" cfi flight instructor discovery flight",0,2,0%,10
private pilot certificate requirements faa 2026,0,2,0%,10
average pilot salary us 2026,0,2,0%,10.5
discovery floght,0,2,0%,10.5
where can i learn to fly a plane,0,2,0%,11
where to get pilot license near me,0,2,0%,12
141 flight school,0,2,0%,12.5
how to become a pilot step by step 2026,0,2,0%,15.5
time to become airline pilot from zero experience 2026,0,2,0%,15.5
cost and time to become commercial pilot 2026,0,2,0%,16
private pilot license training near me,0,2,0%,16
pilot training salary,0,2,0%,16.5
part 61 school,0,2,0%,17.5
commercial pilot classes,0,2,0%,19.5
do major airlines require college degree for pilots 2026,0,2,0%,20
health requirements to be a pilot,0,2,0%,25
kansas city pilot,0,2,0%,25
kansas ppl,0,2,0%,28
how can i become an airline pilot starting with zero flight hours?,0,2,0%,29
century flight,0,2,0%,31.5
rent a plane gardner,0,2,0%,32.5
the pilot centre,0,2,0%,32.5
drone pilot training kansas,0,2,0%,37
aviator training center,0,2,0%,40.5
criteria for becoming a pilot,0,2,0%,40.5
career path of a pilot,0,2,0%,45.5
ppl licence training,0,2,0%,47.5
sport pilot licence cost,0,2,0%,48
pilot cpl,0,2,0%,50.5
career pilot training,0,2,0%,51
spinks flight center,0,2,0%,53
sport pilot,0,2,0%,53
ifr training,0,2,0%,55.5
requirements for sport pilot certificate,0,2,0%,62.5
pilot in training,0,2,0%,63.5
in flight pilot training,0,2,0%,65
kansas city flying club,0,2,0%,71
fly training center,0,2,0%,80.5
instrument training pilot,0,2,0%,80.5
pilot training massachusetts,0,2,0%,80.5
airline pilot positions,0,1,0%,1
american airlines pilot salary,0,1,0%,1
annual salary for airline pilots,0,1,0%,1
aviation degrees near me,0,1,0%,1
aviation support buildings,0,1,0%,1
commercial pilot training program,0,1,0%,1
drone flying classes near me,0,1,0%,1
flight facilities,0,1,0%,1
flight programs near me,0,1,0%,1
flight school ppl,0,1,0%,1
how long can they keep you on the tarmac,0,1,0%,1
how much do pilots make for united airlines,0,1,0%,1
learn to fly near me,0,1,0%,1
near me pilot,0,1,0%,1
part 141 vs part 61 flight school,0,1,0%,1
pilot class,0,1,0%,1
pilots lessons,0,1,0%,1
pilots since 1990,0,1,0%,1
poilt,0,1,0%,1
pros and cons of pilot career,0,1,0%,1
salary of pilot,0,1,0%,1
sport pilot license near me,0,1,0%,1
united airlines pilot salary,0,1,0%,1
what education and training is required to be a pilot,0,1,0%,1
what is the starting salary for a commercial pilot,0,1,0%,1
"""american airlines"" pilot sick-out rumor",0,1,0%,2
"""become a pilot"" -""air force"" -""airlines hiring"" -""army"" -""job posting"" 
-""military"" -""navy"" -""simulator game"" -""video game"" -site:reddit.com 
-site:twitter.com -site:x.com -site:wykop.pl -site:tripadvisor.com 
-site:youtube.com -site:yelp.com -site:booking.com -site:facebook.com 
-site:instagram.com -site:tiktok.com",0,1,0%,2
"""how many years passed between the start of flight training""",0,1,0%,2
"""no serious airline in north america will let you have long hair""",0,1,0%,2
"""pilot salary in usa"" ""search volume""",0,1,0%,2
"""pilot salary usa"" ""search volume""",0,1,0%,2
"""pilot salary usa"" monthly search volume",0,1,0%,2
6th generation fighter jet,0,1,0%,2
74 gear kelsey,0,1,0%,2
accelerated pilot training safety speed professional outcomes,0,1,0%,2
air zeta,0,1,0%,2
airbus 320 seat map,0,1,0%,2
airbus a320 seating,0,1,0%,2
airbus a350,0,1,0%,2
aircraft pilot salary,0,1,0%,2
airline pilot central,0,1,0%,2
airline pilot entry level salary,0,1,0%,2
almafi jets,0,1,0%,2
alpha trainer plane,0,1,0%,2
american airline headquarters,0,1,0%,2
ameriflight,0,1,0%,2
aopa,0,1,0%,2
aopa how long to get private pilot certificate months,0,1,0%,2
are contract pilot jobs in demand right now?,0,1,0%,2
average commercial airline pilot salary,0,1,0%,2
average salary commercial pilot usa 2026,0,1,0%,2
average salary of a pilot,0,1,0%,2
avianca airlines fleet,0,1,0%,2
aviation class,0,1,0%,2
become a delta pilot,0,1,0%,2
beechcraft bonanza 36,0,1,0%,2
beechcraft twin,0,1,0%,2
best airline transport pilot course regional airlines,0,1,0%,2
best flight schools in texas,0,1,0%,2
best flight schools to become a commercial pilot,0,1,0%,2
blaine holt,0,1,0%,2
blimp,0,1,0%,2
boat pilot salary,0,1,0%,2
bob hoover,0,1,0%,2
both,0,1,0%,2
breeze airways,0,1,0%,2
can contract pilots make six figures?,0,1,0%,2
can contract pilots work part-time?,0,1,0%,2
captain steeve,0,1,0%,2
cargo pilot salary,0,1,0%,2
certified flight instructor,0,1,0%,2
certified flight instructors near me,0,1,0%,2
challenger aircraft,0,1,0%,2
cherokee aircraft,0,1,0%,2
civil air patrol,0,1,0%,2
contour airline,0,1,0%,2
cuanto dura un curso de piloto de avion,0,1,0%,2
curso piloto comercial,0,1,0%,2
delta flight tracker,0,1,0%,2
did a delta plane crash today,0,1,0%,2
did jim croce die,0,1,0%,2
difference between private pilot license and commercial pilot license,0,1,0%,2
do commercial pilots make good money,0,1,0%,2
do contract pilots get paid for travel days?,0,1,0%,2
do you need an aviation degree to be a pilot,0,1,0%,2
endeavor airline,0,1,0%,2
eric moody,0,1,0%,2
eric moody pilot,0,1,0%,2
faa,0,1,0%,2
faa part 107 pilot salary oklahoma,0,1,0%,2
fighter pilot g suit,0,1,0%,2
fire pilot salary,0,1,0%,2
flight course,0,1,0%,2
flight safety locations,0,1,0%,2
flight school arlington tx,0,1,0%,2
flight school austin,0,1,0%,2
flight school jacksonville fl,0,1,0%,2
flight school las vegas,0,1,0%,2
flight school prices,0,1,0%,2
flight training costs,0,1,0%,2
flying lessons atlanta,0,1,0%,2
flying license requirements,0,1,0%,2
globalx airlines,0,1,0%,2
google explore flights,0,1,0%,2
helicopter pilot salary usa,0,1,0%,2
how do contract pilots get paid?,0,1,0%,2
how fast is 400 knots,0,1,0%,2
how fast is mach 1,0,1,0%,2
how long does it take to become a commercial airline pilot,0,1,0%,2
how long to get cfi,0,1,0%,2
how many 777 were built,0,1,0%,2
how many hours for cfi,0,1,0%,2
how many hours to be a commercial pilot,0,1,0%,2
how many hours to get cfi,0,1,0%,2
how many pilots does alaska airlines have,0,1,0%,2
how many pilots on a 15 hour flight,0,1,0%,2
how many years is flight school,0,1,0%,2
how much commercial pilots make a year,0,1,0%,2
how much do airplane pilots make,0,1,0%,2
how much do blue angel pilots make,0,1,0%,2
how much do commercial pilots make a year,0,1,0%,2
how much do delta pilots make,0,1,0%,2
how much do pilots make in us,0,1,0%,2
how much do private pilots make a year,0,1,0%,2
how much does a airline pilot make,0,1,0%,2
how much does a airplane pilot make,0,1,0%,2
how much does a cargo pilot make,0,1,0%,2
how much does a cessna 150 cost,0,1,0%,2
how much does a life flight helicopter pilot make,0,1,0%,2
how much does airline pilots get paid,0,1,0%,2
how much does flight school cost,0,1,0%,2
how much does it cost to become a pilot,0,1,0%,2
how much does united pilot make,0,1,0%,2
"how much is $300,000",0,1,0%,2
how much is commercial flight school,0,1,0%,2
how much money does a commercial pilot make,0,1,0%,2
how much private pilot make,0,1,0%,2
how old to get pilots license,0,1,0%,2
how to become a commercial airline pilot,0,1,0%,2
how to become a pilot after high school,0,1,0%,2
how to get a pilots license,0,1,0%,2
international contract pilot requirements,0,1,0%,2
international pilot salary,0,1,0%,2
iron eagle cast,0,1,0%,2
is airbus a380 still flying,0,1,0%,2
is american airlines doing well financially,0,1,0%,2
jeffrey skiles,0,1,0%,2
jetblue pilot pay,0,1,0%,2
juan brown blancolirio,0,1,0%,2
kelsey pilot,0,1,0%,2
lake freighter jobs,0,1,0%,2
marshall university plane crash,0,1,0%,2
me 262,0,1,0%,2
minimum age for flying lessons,0,1,0%,2
monarch flight school,0,1,0%,2
mq-9 reaper,0,1,0%,2
nh90 vs blackhawk,0,1,0%,2
nl central standings,0,1,0%,2
no complimentary seats available united,0,1,0%,2
nomadic aviation group,0,1,0%,2
nomadic pilot,0,1,0%,2
ny to la flight time,0,1,0%,2
pan am,0,1,0%,2
patsy cline songs,0,1,0%,2
pilatus pc12,0,1,0%,2
pilet program,0,1,0%,2
pilot academy,0,1,0%,2
pilot institude,0,1,0%,2
pilot lesson cost,0,1,0%,2
pilot license florida,0,1,0%,2
pilot prgram,0,1,0%,2
pilot program,0,1,0%,2
pilot programs,0,1,0%,2
pilot school california,0,1,0%,2
pilot school in california,0,1,0%,2
pilot school los angeles,0,1,0%,2
pilot school nyc,0,1,0%,2
pilot school seattle,0,1,0%,2
pilot shortage australia 2025,0,1,0%,2
pilot starting pay,0,1,0%,2
piloting license,0,1,0%,2
pilots licence,0,1,0%,2
pilots livense,0,1,0%,2
pilots salary in us,0,1,0%,2
pitch roll yaw,0,1,0%,2
play airlines,0,1,0%,2
private cfi near me,0,1,0%,2
pro pilot world,0,1,0%,2
propel flight academy,0,1,0%,2
prospect international airport,0,1,0%,2
requierments,0,1,0%,2
requirements to become a fighter pilot,0,1,0%,2
requirements to become a pilot,0,1,0%,2
salario piloto aviones comerciales,0,1,0%,2
salary of a boeing 777 pilot,0,1,0%,2
school for pilots,0,1,0%,2
sonex aircraft,0,1,0%,2
southwest airlines stock price,0,1,0%,2
southwest pilot pay,0,1,0%,2
spirt airlines,0,1,0%,2
starting salary pilot,0,1,0%,2
t-45 goshawk,0,1,0%,2
training for pilot,0,1,0%,2
training pilot,0,1,0%,2
trump boarding air force one today,0,1,0%,2
twa airlines,0,1,0%,2
tyler fischer delta airlines,0,1,0%,2
us aviation services,0,1,0%,2
vought f4u corsair,0,1,0%,2
what colleges offer pilot programs,0,1,0%,2
what does rotate mean in aviation,0,1,0%,2
what happens to spirit airlines airplanes,0,1,0%,2
what is the average pilot salary,0,1,0%,2
what is the speed of sound?,0,1,0%,2
wheeler airlines,0,1,0%,2
when can you get your pilot's license,0,1,0%,2
where are the thunderbirds performing this weekend,0,1,0%,2
where are the thunderbirds right now,0,1,0%,2
where do pilots sleep on long flights,0,1,0%,2
which airline pay highest salary to pilot,0,1,0%,2
which is harder to fly a plane or helicopter,0,1,0%,2
why is flight training management so complex?,0,1,0%,2
worst airplane crashes,0,1,0%,2
11x pilot,0,1,0%,3
11x pilot salary,0,1,0%,3
18x pilot,0,1,0%,3
2027 far aim,0,1,0%,3
747 8,0,1,0%,3
747 plane,0,1,0%,3
747 vs a380 speed,0,1,0%,3
747-400,0,1,0%,3
8 hours bottle to throttle,0,1,0%,3
a330-900 neo,0,1,0%,3
aegean airlines reviews,0,1,0%,3
aeroguard flight training center cost,0,1,0%,3
agape flights,0,1,0%,3
age limit for airline pilots,0,1,0%,3
aic us air force,0,1,0%,3
air band frequencies,0,1,0%,3
air force,0,1,0%,3
air force 250th anniversary,0,1,0%,3
air force captain salary,0,1,0%,3
air force cook,0,1,0%,3
air force helicopter pilot salary,0,1,0%,3
air force pilot requirements,0,1,0%,3
air force pilot with glasses,0,1,0%,3
air force salary,0,1,0%,3
air force special warfare,0,1,0%,3
air india crash,0,1,0%,3
air methods pilot salary,0,1,0%,3
air transat 236,0,1,0%,3
airbus 321 seat map,0,1,0%,3
airbus a380,0,1,0%,3
airbus a380 interior,0,1,0%,3
aircraft jump seat,0,1,0%,3
aircraft pilot,0,1,0%,3
airline,0,1,0%,3
airline captain requirements,0,1,0%,3
airline license revocation faa,0,1,0%,3
airline pilot retirement age,0,1,0%,3
airline pilot salary american airlines,0,1,0%,3
airline pilot school cost,0,1,0%,3
airline pilot uniform,0,1,0%,3
airlines pay for pilot training,0,1,0%,3
alaska airlines passenger lawsuit,0,1,0%,3
alaska airlines passenger safety violation,0,1,0%,3
alaska pilot program,0,1,0%,3
allatp,0,1,0%,3
allegiant air,0,1,0%,3
alternative careers for pilots,0,1,0%,3
american airlines financial health,0,1,0%,3
american airlines free pilot training,0,1,0%,3
american airlines pilot 401k match,0,1,0%,3
american airlines pilot pay,0,1,0%,3
american flyers flight school,0,1,0%,3
annual salary for a pilot,0,1,0%,3
aopa scholarships,0,1,0%,3
are pilots paid hourly or salary,0,1,0%,3
are there any women fighter pilots,0,1,0%,3
association of pilots,0,1,0%,3
astar helicopter,0,1,0%,3
at what age do commercial airline pilots have to retire,0,1,0%,3
at what age do pilots retire,0,1,0%,3
atlas airlines,0,1,0%,3
atp flight school,0,1,0%,3
atp flight school scholarships,0,1,0%,3
auburn university pilot program,0,1,0%,3
average cost to become an airline pilot,0,1,0%,3
average pay for a pilot,0,1,0%,3
average salary of a commercial pilot,0,1,0%,3
average salary of commercial pilot,0,1,0%,3
average salary of united airlines pilot,0,1,0%,3
aviation academy,0,1,0%,3
aviation certifications,0,1,0%,3
b-21 raider,0,1,0%,3
b-52 stratofortress,0,1,0%,3
b2 bomber,0,1,0%,3
b52 stratofortress,0,1,0%,3
barcelona flight school reviews,0,1,0%,3
becoming a drone pilot,0,1,0%,3
becoming a pilot at 40,0,1,0%,3
bell oh-58c kiowa,0,1,0%,3
best college for aviation degree,0,1,0%,3
best flight school in the world,0,1,0%,3
best pilot academy in usa,0,1,0%,3
best pilot schools,0,1,0%,3
best pilot schools in us,0,1,0%,3
bls airline pilots copilots flight engineers median annual wage 2024,0,1,0%,3
bls airline pilots copilots flight engineers median pay 2024 2025,0,1,0%,3
bls commercial pilots median pay 2025,0,1,0%,3
blue angels 2026 schedule,0,1,0%,3
blue angels headquarters,0,1,0%,3
boeing 737-800 for sale,0,1,0%,3
boeing 747,0,1,0%,3
breeze airways stock,0,1,0%,3
breeze pilot salary,0,1,0%,3
caac airbus plane delay,0,1,0%,3
can a felon be a pilot,0,1,0%,3
can a pilot carry a gun,0,1,0%,3
can a pilot fly both boeing and airbus,0,1,0%,3
can a pilot wear glasses,0,1,0%,3
can i become a pilot at 30,0,1,0%,3
can i become a pilot if i wear glasses,0,1,0%,3
can pilots have tattoos,0,1,0%,3
can tom cruise fly a plane,0,1,0%,3
can you be a pilot if your colorblind,0,1,0%,3
can you get a pilots license with a dui,0,1,0%,3
can you take bottled water through airport security,0,1,0%,3
can you wear glasses as a fighter pilot,0,1,0%,3
capt jeff kuss,0,1,0%,3
captain or pilot,0,1,0%,3
cargo pilot schedule,0,1,0%,3
cargo plane pilot salary,0,1,0%,3
cessna 140 cruise speed,0,1,0%,3
cessna 172,0,1,0%,3
cessna planes,0,1,0%,3
charles f. page,0,1,0%,3
chesley sullenberger,0,1,0%,3
chief pilot salary,0,1,0%,3
cirrus jet price,0,1,0%,3
cirrus sr22,0,1,0%,3
citation 550,0,1,0%,3
classes of pilots licenses,0,1,0%,3
colin baylen out loud job,0,1,0%,3
college for pilot training,0,1,0%,3
colorado springs flight school,0,1,0%,3
commercial airplane pilot,0,1,0%,3
commercial multi engine pilot salary,0,1,0%,3
commercial pilot max age,0,1,0%,3
commercial pilot schedule,0,1,0%,3
commercial pilots salary,0,1,0%,3
concorde flight engineer role,0,1,0%,3
corporate pilot,0,1,0%,3
cost flight lessons,0,1,0%,3
cost of cpl,0,1,0%,3
cost of getting a private pilot license,0,1,0%,3
cost of getting private pilot license,0,1,0%,3
cost to get pilot license,0,1,0%,3
dcs vs microsoft flight simulator,0,1,0%,3
delta airlines pilot salary,0,1,0%,3
delta flight academy cost,0,1,0%,3
delta new california routes,0,1,0%,3
did us airways flight 1549 sink,0,1,0%,3
do airlines make money,0,1,0%,3
do airlines pay for flight school,0,1,0%,3
do fighter pilots carry guns,0,1,0%,3
do pilots fly for multiple airlines,0,1,0%,3
do pilots fly the same plane,0,1,0%,3
do pilots get lounge access,0,1,0%,3
do pilots have a bathroom in the cockpit,0,1,0%,3
do pilots have more daughters,0,1,0%,3
do pilots have parachutes,0,1,0%,3
do pilots have weight restrictions,0,1,0%,3
do pilots need 20/20 vision,0,1,0%,3
do pilots sleep during flights,0,1,0%,3
do pilots sleep on international flights,0,1,0%,3
do pilots smoke cigarettes,0,1,0%,3
do planes emit radiation,0,1,0%,3
do private jet pilots make more than commercial,0,1,0%,3
do skywest pilots fly for multiple airlines,0,1,0%,3
do you need a degree to be a pilot,0,1,0%,3
donna fargo,0,1,0%,3
doxcylamine,0,1,0%,3
dreamliner plane,0,1,0%,3
ed bastian,0,1,0%,3
el al pilot salary,0,1,0%,3
elliott aviation,0,1,0%,3
embry riddle aviation acceptance rate,0,1,0%,3
emirates airlines pilot salary,0,1,0%,3
f 22 raptor pilot salary,0,1,0%,3
f 35 specs,0,1,0%,3
f-111 controversy,0,1,0%,3
f15 vs f14,0,1,0%,3
f15 vs f22,0,1,0%,3
f16 speed,0,1,0%,3
f22 raptor,0,1,0%,3
f47 thunderstorm,0,1,0%,3
faa part 107,0,1,0%,3
fastest planes,0,1,0%,3
fastest way to become an airline pilot,0,1,0%,3
fedex airline pilot salary,0,1,0%,3
female pilot,0,1,0%,3
fighter pilot salary per month,0,1,0%,3
first officer pilot,0,1,0%,3
flag officer ranks,0,1,0%,3
flight center,0,1,0%,3
flight engineer salary,0,1,0%,3
flight engineer vs pilot,0,1,0%,3
flying a helicopter,0,1,0%,3
foreflight app,0,1,0%,3
fresno to denver flight time,0,1,0%,3
general blaine holt wikipedia,0,1,0%,3
general dynamics,0,1,0%,3
greg reverdiau,0,1,0%,3
ground school private pilot,0,1,0%,3
gulfstream type rating cost,0,1,0%,3
have the blue angels ever crashed,0,1,0%,3
hawaiian airline pilot salary,0,1,0%,3
hawaiian airlines baggage fees,0,1,0%,3
heavy aircraft definition,0,1,0%,3
helicopter pilot school,0,1,0%,3
high school aviation programs near me,0,1,0%,3
highest asvab score possible,0,1,0%,3
how are airline pilots paid,0,1,0%,3
how do i get a commercial pilot license,0,1,0%,3
how do planes stay in the air?,0,1,0%,3
how do you become a senior captain pilot,0,1,0%,3
how does a pilot schedule work,0,1,0%,3
how does a plane fly,0,1,0%,3
how expensive is it to get a pilots license,0,1,0%,3
how fast did concorde fly from new york to london,0,1,0%,3
how fast do planes fly,0,1,0%,3
how fast is plane going when it takes off,0,1,0%,3
how flexible is contract pilot work?,0,1,0%,3
how hard is it to be a pilot,0,1,0%,3
how hard is it to become a commercial pilot,0,1,0%,3
how hard is it to become a fighter pilot,0,1,0%,3
how long can a 737 max 8 fly in hours,0,1,0%,3
how long can pilots fly in a day,0,1,0%,3
how long does it take to become a fighter pilot,0,1,0%,3
how long does it take to become a pilot,0,1,0%,3
how long does it take to become commercial pilot,0,1,0%,3
how long does it take to get multi engine rating,0,1,0%,3
how long does it take to.become a pilot,0,1,0%,3
how long is atp flight school,0,1,0%,3
how long to become commercial pilot,0,1,0%,3
how long was spirit airlines in business,0,1,0%,3
how many airline pilots are there,0,1,0%,3
how many commercial pilots worldwide,0,1,0%,3
how many days a month does a pilot work,0,1,0%,3
how many flights do pilots do a day,0,1,0%,3
how many hours can pilots fly,0,1,0%,3
how many hours can pilots fly per month,0,1,0%,3
how many hours do airline pilots work,0,1,0%,3
how many hours do delta pilots work,0,1,0%,3
how many hours do pilots work a week,0,1,0%,3
how many hours do you need to fly commercial,0,1,0%,3
how many hours of flying to become a private pilot,0,1,0%,3
how many ospreys have crashed,0,1,0%,3
how many people in the air force are pilots,0,1,0%,3
how many pilots did spirit airlines have,0,1,0%,3
how many pilots did spirit have,0,1,0%,3
how many pilots does frontier have,0,1,0%,3
how many planes does american airlines have,0,1,0%,3
how many planes does delta fly,0,1,0%,3
how many planes does united have,0,1,0%,3
how many women pilots in the us,0,1,0%,3
how much a commercial pilot makes a year,0,1,0%,3
how much are pilots paid,0,1,0%,3
how much commercial pilots make,0,1,0%,3
how much debt does american airlines have,0,1,0%,3
how much do air force one pilots make,0,1,0%,3
how much do airline pilots make a year,0,1,0%,3
how much do american airlines pilots make,0,1,0%,3
how much do american eagle pilots make,0,1,0%,3
how much do beginner pilots make,0,1,0%,3
how much do boat pilots make a year,0,1,0%,3
how much do commercial airline pilots make,0,1,0%,3
how much do flight attendants make,0,1,0%,3
how much do frontier pilots make,0,1,0%,3
how much do piolots make,0,1,0%,3
how much do southwest first officers make,0,1,0%,3
how much does a airline captain make,0,1,0%,3
how much does a blue angels pilot make,0,1,0%,3
how much does a captain for american airlines make,0,1,0%,3
how much does a commercial airline pilot make,0,1,0%,3
how much does a f18 weigh,0,1,0%,3
how much does a new pilot make,0,1,0%,3
how much does a pilot get paid,0,1,0%,3
how much does a pilot make an hour,0,1,0%,3
how much does a pilot make per month,0,1,0%,3
how much does a us fighter pilot make,0,1,0%,3
how much does aviation school cost,0,1,0%,3
how much does embry riddle flight school cost,0,1,0%,3
how much does it cost to get private pilot license,0,1,0%,3
how much does it cost to get your pilot's license,0,1,0%,3
how much does it cost to learn how to fly a plane,0,1,0%,3
how much for a cessna 172,0,1,0%,3
how much is a helicopter,0,1,0%,3
how much is pilots salary,0,1,0%,3
how much is the salary of a pilot,0,1,0%,3
how much money does a airline pilot make,0,1,0%,3
how much money does a pilot get for one flight,0,1,0%,3
how much money does a pilot make per flight,0,1,0%,3
how much pilots get paid,0,1,0%,3
how much time off do pilots get,0,1,0%,3
how often are pilots home,0,1,0%,3
how old can a commercial pilot be,0,1,0%,3
how old is too old to become a pilot,0,1,0%,3
how old to be a pilot,0,1,0%,3
how old to become a pilot,0,1,0%,3
how to be a pilot,0,1,0%,3
how to become a pilot in florida,0,1,0%,3
how to become an airline captain,0,1,0%,3
how to get over jet lag when returning home,0,1,0%,3
how to get pilots license,0,1,0%,3
how to get your ppl,0,1,0%,3
how to start a pilot career,0,1,0%,3
how to study for faa written exam,0,1,0%,3
how to throw a paper airplane,0,1,0%,3
icon a5 plane,0,1,0%,3
instrument rated pilot,0,1,0%,3
instrumental rating,0,1,0%,3
is 37 too old to become a pilot,0,1,0%,3
is becoming a pilot hard,0,1,0%,3
is being a contract pilot worth it?,0,1,0%,3
is being a pilot a high paying job,0,1,0%,3
is it difficult to become a pilot,0,1,0%,3
is it hard to become a commercial pilot,0,1,0%,3
is learning to fly a plane hard,0,1,0%,3
is pilot a good career,0,1,0%,3
is the back of a plane safer,0,1,0%,3
is there a shortage of airline pilots,0,1,0%,3
is there an age limit to be a commercial pilot,0,1,0%,3
ja flight school,0,1,0%,3
jal tokyo to seattle,0,1,0%,3
jeff kuss,0,1,0%,3
jet blue stock,0,1,0%,3
jet lease,0,1,0%,3
jet suit cost,0,1,0%,3
jetblue,0,1,0%,3
jetblue pilot salary,0,1,0%,3
jimmy doolittle cause of death,0,1,0%,3
jobs with private pilot license,0,1,0%,3
joey miuccio salary,0,1,0%,3
justin dennis atp,0,1,0%,3
k state pilot program,0,1,0%,3
kalitta charters ii,0,1,0%,3
kinross incident,0,1,0%,3
largest boeing passenger plane,0,1,0%,3
learjet 45 price,0,1,0%,3
learn to fly a plane cost,0,1,0%,3
learning how to fly,0,1,0%,3
levels of pilot license,0,1,0%,3
lockheed u2 dragon lady,0,1,0%,3
longest flight from boston,0,1,0%,3
lowest asvab score for army,0,1,0%,3
lufthansa winter flight cancellations,0,1,0%,3
mandatory retirement age for pilots,0,1,0%,3
maritime pilots,0,1,0%,3
martinaire aviation,0,1,0%,3
mcair aviation,0,1,0%,3
mcas miramar air show,0,1,0%,3
medical pilot salary,0,1,0%,3
melbourne flight training,0,1,0%,3
military pilot,0,1,0%,3
mississippi river pilot salary,0,1,0%,3
mq 9 cost,0,1,0%,3
nathan fielder pilot,0,1,0%,3
new york heliport,0,1,0%,3
nomadic aviation pilot salary,0,1,0%,3
nyse: fdx,0,1,0%,3
onisep pilote de ligne salaire débutant,0,1,0%,3
oshkosh air show,0,1,0%,3
pa school army,0,1,0%,3
paid pilot training program,0,1,0%,3
pan am airlines coming back,0,1,0%,3
part 61,0,1,0%,3
path to becoming a pilot,0,1,0%,3
pay of a pilot,0,1,0%,3
pc12 price,0,1,0%,3
phenom 300,0,1,0%,3
pilatus pc-12,0,1,0%,3
pilatus pc-12 ng price,0,1,0%,3
pilot career salary,0,1,0%,3
pilot flight,0,1,0%,3
pilot job openings,0,1,0%,3
pilot lessons cost,0,1,0%,3
pilot lifestyle,0,1,0%,3
pilot requirements,0,1,0%,3
pilot salary 2026,0,1,0%,3
pilot salary american airlines,0,1,0%,3
pilot salary florida,0,1,0%,3
pilot salary for united airlines,0,1,0%,3
pilot salary nc,0,1,0%,3
pilot salary new york,0,1,0%,3
pilot salary utah,0,1,0%,3
pilot southwest salary,0,1,0%,3
pilot status,0,1,0%,3
pilot training cost india 2026,0,1,0%,3
pilot training requirements,0,1,0%,3
pilot training school near me,0,1,0%,3
pilot vision requirements,0,1,0%,3
pilot within 20 mi,0,1,0%,3
pilot yearly salary,0,1,0%,3
pilot.salary,0,1,0%,3
pilots license cost,0,1,0%,3
pilots license requirements,0,1,0%,3
pilots medical requirements,0,1,0%,3
pilots salary,0,1,0%,3
piolet salary,0,1,0%,3
piper super cub,0,1,0%,3
plane crashes akron ohio,0,1,0%,3
planesense,0,1,0%,3
ppl cost,0,1,0%,3