Top pages,Clicks,Impressions,CTR,Position
https://pilotinstructionalcenter.com/,65,3579,1.82%,15.6
https://pilotinstructionalcenter.com/blog/is-it-true-pilots-make-over-300000-a-year/,27,5245,0.51%,4.44
https://pilotinstructionalcenter.com/blog/why-most-student-pilots-drop-out-and-how-to-succeed/,4,685,0.58%,6.93
https://pilotinstructionalcenter.com/about/our-team/,4,131,3.05%,9.69
https://pilotinstructionalcenter.com/about/,3,259,1.16%,11
https://pilotinstructionalcenter.com/blog/can-i-really-become-a-pilot-2026-requirements-medicals-what-stops-most-people/,2,2863,0.07%,8.6
https://pilotinstructionalcenter.com/flight-training/sport-pilot/,2,202,0.99%,9.82
https://pilotinstructionalcenter.com/flight-training/certified-flight-instructor-cfi/,2,107,1.87%,15.3
https://pilotinstructionalcenter.com/flight-training/,1,273,0.37%,38.76
https://pilotinstructionalcenter.com/contact/,1,105,0.95%,13.1
https://pilotinstructionalcenter.com/blog/why-olathe-student-pilots-choose-kixd-for-flight-training/,1,56,1.79%,12.54
https://pilotinstructionalcenter.com/blog/how-to-become-an-airline-pilot-in-kansas-2026-guide/,1,26,3.85%,8.65
https://pilotinstructionalcenter.com/pilot-training/shawnee-ks/,1,10,10%,5
https://pilotinstructionalcenter.com/discovery-flight/,0,208,0%,22.98
https://pilotinstructionalcenter.com/blog/part-61-vs-part-141-choosing-the-best-flight-school-in-kansas/,0,175,0%,11.52
https://pilotinstructionalcenter.com/new-to-flying/,0,166,0%,8.44
https://pilotinstructionalcenter.com/blog/tag/kansas-city-flight-school/,0,159,0%,27.72
https://pilotinstructionalcenter.com/flight-training/certified-flight-instructor-instrument-cfii/,0,104,0%,13.25
https://pilotinstructionalcenter.com/blog/understanding-the-1500-hour-rule-airline-pilot-path/,0,97,0%,7.74
https://pilotinstructionalcenter.com/airline-pilot-track/,0,88,0%,16.51
https://pilotinstructionalcenter.com/blog/,0,74,0%,17.5
https://pilotinstructionalcenter.com/flight-training/commercial-pilot/,0,70,0%,25.26
https://pilotinstructionalcenter.com/about/our-fleet/,0,50,0%,8.28
https://pilotinstructionalcenter.com/blog/accelerated-vs-part-time-flight-training-cost-savings-in-2026/,0,38,0%,7.08
https://pilotinstructionalcenter.com/pilot-training/,0,37,0%,16.35
https://pilotinstructionalcenter.com/flight-training/instrument-rating/,0,37,0%,57.86
https://pilotinstructionalcenter.com/faqs/,0,34,0%,9.68
https://pilotinstructionalcenter.com/flight-training/private-pilot/,0,25,0%,26.36
https://pilotinstructionalcenter.com/blog/how-long-does-it-take-to-become-an-airline-pilot/,0,24,0%,8.96
https://pilotinstructionalcenter.com/pilot-training/johnson-county-ks/,0,23,0%,54.87
https://pilotinstructionalcenter.com/blog/why-now-is-the-best-time-to-become-a-pilot/,0,21,0%,6.95
https://pilotinstructionalcenter.com/pilot-training/kansas-city-ks/,0,21,0%,54.52
https://pilotinstructionalcenter.com/blog/what-does-it-mean-to-fly-in-the-soup-aviation-slang/,0,20,0%,9.2
https://pilotinstructionalcenter.com/pilot-training/gardner-ks/,0,18,0%,8.11
https://pilotinstructionalcenter.com/pricing/,0,14,0%,6.57
https://pilotinstructionalcenter.com/blog/the-pic-difference-senior-instructors-gold-seal-quality/,0,10,0%,11
https://pilotinstructionalcenter.com/terms-of-service/,0,9,0%,8.56
https://pilotinstructionalcenter.com/blog/category/flight-training/,0,8,0%,21.88
https://pilotinstructionalcenter.com/blog/tag/pilot-training-olathe/,0,8,0%,24.12
https://pilotinstructionalcenter.com/privacy-policy/,0,6,0%,6.67
https://pilotinstructionalcenter.com/blog/tag/flight-training-2026/,0,6,0%,7.67
https://pilotinstructionalcenter.com/pilot-training/leawood-ks/,0,6,0%,62.33
https://pilotinstructionalcenter.com/pilot-training/lenexa-ks/,0,5,0%,5.2
https://pilotinstructionalcenter.com/blog/tag/accelerated-flight-training/,0,5,0%,11
https://pilotinstructionalcenter.com/blog/security-standard-for-aviation-at-pilot-instructional-center/,0,4,0%,6.25
https://pilotinstructionalcenter.com/blog/category/career-change/,0,4,0%,30.25
https://pilotinstructionalcenter.com/pilot-training/gardner-ks,0,3,0%,7
https://pilotinstructionalcenter.com/blog/tag/student-pilot-dropout-rate/,0,3,0%,15
https://pilotinstructionalcenter.com/enroll-confirmation,0,2,0%,5.5
https://pilotinstructionalcenter.com/pilot-training/new-century-ks/,0,2,0%,40.5
https://pilotinstructionalcenter.com/blog/category/pilot-guides/,0,1,0%,6
https://pilotinstructionalcenter.com/pilot-training/lawrence-ks/,0,1,0%,8
https://pilotinstructionalcenter.com/pilot-training/lenexa-ks,0,1,0%,9
https://pilotinstructionalcenter.com/blog/tag/flight-school-near-olathe-ks/,0,1,0%,10
https://pilotinstructionalcenter.com/pilot-training/olathe-ks/,0,1,0%,15
https://pilotinstructionalcenter.com/blog/tag/accelerated-training/,0,1,0%,20
https://pilotinstructionalcenter.com/blog/tag/learn-to-fly-in-kansas/,0,1,0%,71